<?xml version="1.0" encoding="UTF-8"?>
<project-private xmlns="http://www.netbeans.org/ns/project-private/1">
    <editor-bookmarks xmlns="http://www.netbeans.org/ns/editor-bookmarks/2" lastBookmarkId="0"/>
    <open-files xmlns="http://www.netbeans.org/ns/projectui-open-files/2">
        <group>
            <file>file:/C:/Users/jefca/Downloads/6%20semestre/Electrónica%20digital%202/GitHub/Lab-Digital2/Lab3/Master/Lab3%20SPI%20Master.X/CSerial.c</file>
            <file>file:/C:/Users/jefca/Downloads/6%20semestre/Electrónica%20digital%202/GitHub/Lab-Digital2/Lab3/Master/Lab3%20SPI%20Master.X/Lab3%20Master.c</file>
        </group>
    </open-files>
</project-private>
